Workbook

Sheet Cover

Sheet Model
B2: Legend: | C2: Hard-coded | D2: Decision var | E2: Objective
B4: Input parameters | E4: Data integrity check
B5: S (minimum time between promotions) | C5: 3 | E5: Value | F5: Assumption | G5: OK?
B6: L (Maximum promotions in time period) | C6: 15 | E6: Nr of clusters | F6: 7 | G6: =IF(F6=COUNT(Input!L3:L18),"OK!","Error") -> OK!
E7: Nr of weeks | F7: 81 | G7: =IF(F7=COUNT(Input!C3:C103),"OK!","Error") -> OK!
B9: Decision variables:
B10: Promotion in week | C10: {=TRANSPOSE(Input!C3:C83)} -> 220 | D10: 221 | E10: 222 | F10: 223 | G10: 224 | H10: 225 | I10: 226 | J10: 227 | K10: 228 | L10: 229 | M10: 230 | N10: 231 | O10: 232 | P10: 233 | Q10: 234 | R10: 235 | S10: 236 | T10: 237 | U10: 238 | V10: 239 | W10: 240 | X10: 241 | Y10: 242 | Z10: 243 | AA10: 244 | AB10: 245 | AC10: 246 | AD10: 247 | AE10: 248 | AF10: 249 | AG10: 250 | AH10: 251 | AI10: 252 | AJ10: 253 | AK10: 254 | AL10: 255 | AM10: 256 | AN10: 257 | AO10: 258 | AP10: 259 | AQ10: 260 | AR10: 261 | AS10: 262 | AT10: 263 | AU10: 264 | AV10: 265 | AW10: 266 | AX10: 267 | AY10: 268 | AZ10: 269 | BA10: 270 | BB10: 271 | BC10: 272 | BD10: 273 | BE10: 274 | BF10: 275 | BG10: 276 | BH10: 277 | BI10: 278 | BJ10: 279 | BK10: 280 | BL10: 281 | BM10: 282 | BN10: 283 | BO10: 284 | BP10: 285 | BQ10: 286 | BR10: 287 | BS10: 288 | BT10: 289 | BU10: 290 | BV10: 291 | BW10: 292 | BX10: 293 | BY10: 294 | BZ10: 295 | CA10: 296 | CB10: 297 | CC10: 298 | CD10: 299 | CE10: 300
B11: Decision (Gamma_t) | C11: 0 | D11: 1 | E11: 0 | F11: 0 | G11: 0 | H11: 0 | I11: 1 | J11: 0 | K11: 0 | L11: 0 | M11: 0 | N11: 1 | O11: 0 | P11: 0 | Q11: 0 | R11: 0 | S11: 1 | T11: 0 | U11: 0 | V11: 0 | W11: 1 | X11: 0 | Y11: 0 | Z11: 0 | AA11: 1 | AB11: 0 | AC11: 0 | AD11: 0 | AE11: 0 | AF11: 0 | AG11: 1 | AH11: 0 | AI11: 0 | AJ11: 0 | AK11: 0 | AL11: 0 | AM11: 0 | AN11: 1 | AO11: 0 | AP11: 0 | AQ11: 0 | AR11: 1 | AS11: 0 | AT11: 0 | AU11: 0 | AV11: 1 | AW11: 0 | AX11: 0 | AY11: 0 | AZ11: 0 | BA11: 0 | BB11: 1 | BC11: 0 | BD11: 0 | BE11: 0 | BF11: 0 | BG11: 0 | BH11: 0 | BI11: 1 | BJ11: 0 | BK11: 0 | BL11: 0 | BM11: 0 | BN11: 1 | BO11: 0 | BP11: 0 | BQ11: 0 | BR11: 0 | BS11: 0 | BT11: 0 | BU11: 0 | BV11: 0 | BW11: 1 | BX11: 0 | BY11: 0 | BZ11: 0 | CA11: 0 | CB11: 0 | CC11: 0 | CD11: 0 | CE11: 1
B12: Cluster Nr of b~_t | C12: {=TRANSPOSE(Input!D3:D83)} -> 5 | D12: 5 | E12: 5 | F12: 5 | G12: 5 | H12: 5 | I12: 5 | J12: 5 | K12: 5 | L12: 5 | M12: 5 | N12: 5 | O12: 5 | P12: 5 | Q12: 5 | R12: 5 | S12: 5 | T12: 5 | U12: 5 | V12: 5 | W12: 5 | X12: 5 | Y12: 5 | Z12: 5 | AA12: 5 | AB12: 5 | AC12: 5 | AD12: 5 | AE12: 5 | AF12: 5 | AG12: 5 | AH12: 5 | AI12: 5 | AJ12: 5 | AK12: 5 | AL12: 5 | AM12: 5 | AN12: 5 | AO12: 5 | AP12: 5 | AQ12: 5 | AR12: 5 | AS12: 5 | AT12: 5 | AU12: 5 | AV12: 5 | AW12: 5 | AX12: 5 | AY12: 5 | AZ12: 5 | BA12: 5 | BB12: 5 | BC12: 5 | BD12: 5 | BE12: 5 | BF12: 5 | BG12: 5 | BH12: 5 | BI12: 5 | BJ12: 5 | BK12: 5 | BL12: 5 | BM12: 5 | BN12: 5 | BO12: 5 | BP12: 5 | BQ12: 5 | BR12: 5 | BS12: 5 | BT12: 5 | BU12: 5 | BV12: 5 | BW12: 5 | BX12: 5 | BY12: 5 | BZ12: 5 | CA12: 5 | CB12: 5 | CC12: 5 | CD12: 5 | CE12: 5
B13: Implied price-level | C13: =IF(C11=0,VLOOKUP(MAX(Input!$L$3:$L$17),Input!$L$3:$M$17,2,FALSE),VLOOKUP(C12,Input!$L$3:$M$17,2,FALSE)) -> 1.33 | D13: =IF(D11=0,VLOOKUP(MAX(Input!$L$3:$L$17),Input!$L$3:$M$17,2,FALSE),VLOOKUP(D12,Input!$L$3:$M$17,2,FALSE)) -> 1.09 | E13: =IF(E11=0,VLOOKUP(MAX(Input!$L$3:$L$17),Input!$L$3:$M$17,2,FALSE),VLOOKUP(E12,Input!$L$3:$M$17,2,FALSE)) -> 1.33 | F13: =IF(F11=0,VLOOKUP(MAX(Input!$L$3:$L$17),Input!$L$3:$M$17,2,FALSE),VLOOKUP(F12,Input!$L$3:$M$17,2,FALSE)) -> 1.33 | G13: =IF(G11=0,VLOOKUP(MAX(Input!$L$3:$L$17),Input!$L$3:$M$17,2,FALSE),VLOOKUP(G12,Input!$L$3:$M$17,2,FALSE)) -> 1.33 | H13: =IF(H11=0,VLOOKUP(MAX(Input!$L$3:$L$17),Input!$L$3:$M$17,2,FALSE),VLOOKUP(H12,Input!$L$3:$M$17,2,FALSE)) -> 1.33 | I13: =IF(I11=0,VLOOKUP(MAX(Input!$L$3:$L$17),Input!$L$3:$M$17,2,FALSE),VLOOKUP(I12,Input!$L$3:$M$17,2,FALSE)) -> 1.09 | J13: =IF(J11=0,VLOOKUP(MAX(Input!$L$3:$L$17),Input!$L$3:$M$17,2,FALSE),VLOOKUP(J12,Input!$L$3:$M$17,2,FALSE)) -> 1.33 | ... CE13: =IF(CE11=0,VLOOKUP(MAX(Input!$L$3:$L$17),Input!$L$3:$M$17,2,FALSE),VLOOKUP(CE12,Input!$L$3:$M$17,2,FALSE)) -> 1.09
B14: Expected profit increase (b~_t) | C14: {=TRANSPOSE(Input!G3:G83)} -> 29.797771 | D14: 31.988221 | E14: 26.600609 | F14: 22.399199 | G14: 24.712696 | H14: 25.654461 | I14: 28.946347 | J14: 20.622485 | K14: 21.269789 | L14: 23.636852 | M14: 24.880949 | N14: 28.782055 | O14: 27.111181 | P14: 28.769717 | Q14: 23.72783 | R14: 26.874085 | S14: 26.98226 | T14: 30.049393 | U14: 28.170461 | V14: 23.039819 | W14: 30.845429 | X14: 27.712849 | Y14: 20.98489 | Z14: 24.596586 | AA14: 28.478641 | AB14: 24.500968 | AC14: 25.780701 | AD14: 25.745192 | AE14: 30.657423 | AF14: 32.705733 | AG14: 32.779827 | AH14: 30.384202 | AI14: 25.90651 | AJ14: 23.597385 | AK14: 23.95068 | AL14: 27.850315 | AM14: 26.118392 | AN14: 30.743832 | AO14: 37.072786 | AP14: 29.442568 | AQ14: 37.112308 | AR14: 38.96068 | AS14: 30.933247 | AT14: 34.143707 | AU14: 39.966665 | AV14: 48.064779 | AW14: 45.515989 | AX14: 29.352617 | AY14: 26.341461 | AZ14: 21.027468 | BA14: 23.705422 | BB14: 35.920064 | BC14: 27.882811 | BD14: 29.932491 | BE14: 24.891116 | BF14: 20.95971 | BG14: 23.124529 | BH14: 24.005772 | BI14: 27.086104 | BJ14: 19.297177 | BK14: 19.902882 | BL14: 22.117825 | BM14: 23.28197 | BN14: 26.932371 | BO14: 25.368875 | BP14: 26.920825 | BQ14: 22.202957 | BR14: 25.147017 | BS14: 25.24824 | BT14: 28.118262 | BU14: 26.360081 | BV14: 21.559161 | BW14: 28.863142 | BX14: 25.931877 | BY14: 19.636292 | BZ14: 23.015881 | CA14: 26.648456 | CB14: 22.926409 | CC14: 24.123899 | CD14: 24.090672 | CE14: 28.687218
B15: POP(P_0) | C15: {=TRANSPOSE(Input!E3:E83-Input!G3:G83)} -> 112.59509 | D15: 120.87201 | E15: 100.51416 | F15: 84.638542 | G15: 93.380414 | H15: 96.939007 | I15: 109.37786 | J15: 77.924975 | K15: 80.370904 | L15: 89.315188 | M15: 94.016183 | N15: 108.75706 | O15: 102.44343 | P15: 108.71044 | Q15: 89.658961 | R15: 101.54753 | S15: 101.95628 | T15: 113.54588 | U15: 106.44607 | V15: 87.059214 | W15: 116.55381 | X15: 104.71692 | Y15: 79.294373 | Z15: 92.941676 | AA15: 107.61057 | AB15: 92.580372 | AC15: 97.416023 | AD15: 97.281847 | AE15: 115.84341 | AF15: 123.58324 | AG15: 123.86321 | AH15: 114.811 | AI15: 97.891409 | AJ15: 89.166055 | AK15: 90.501031 | AL15: 105.23635 | AM15: 98.692038 | AN15: 116.16991 | AO15: 140.08476 | AP15: 111.2529 | AQ15: 140.2341 | AR15: 147.21844 | AS15: 116.88565 | AT15: 129.01682 | AU15: 151.01969 | AV15: 181.61956 | AW15: 171.9886 | AX15: 110.91301 | AY15: 99.534933 | AZ15: 79.45526 | BA15: 89.574288 | BB15: 135.72904 | BC15: 105.35914 | BD15: 113.10415 | BE15: 94.0546 | BF15: 79.199229 | BG15: 87.379304 | BH15: 90.709202 | BI15: 102.34867 | BJ15: 72.917112 | BK15: 75.205852 | BL15: 83.57533 | BM15: 87.974214 | BN15: 101.76777 | BO15: 95.859882 | BP15: 101.72414 | BQ15: 83.897011 | BR15: 95.021559 | BS15: 95.404044 | BT15: 106.24883 | BU15: 99.605293 | BV15: 81.464337 | BW15: 109.06346 | BX15: 97.987264 | BY15: 74.198504 | BZ15: 86.968761 | CA15: 100.69496 | CB15: 86.630676 | CC15: 91.155564 | CD15: 91.03001 | CE15: 108.39871
B17: Objective: | E17: Max promotions constraint:
B18: Profit | C18: =SUM(_xlfn.ANCHORARRAY(C15))+SUMPRODUCT(C11:CE11,_xlfn.ANCHORARRAY(C14)) -> 8821.7581 | E18: Nr of promotions | F18: =SUM(C11:CE11) -> 15
E19: Relation | F19: <=
E20: Constraint | F20: =C6 -> 15
B22: Rolling horizon constraints: | CF22: Total | CG22: Relation | CH22: Constraint
C23: 1 | D23: =IF(SUM($C$23:C23)<=$C$5,1,0) -> 1 | E23: =IF(SUM($C$23:D23)<=$C$5,1,0) -> 1 | F23: =IF(SUM($C$23:E23)<=$C$5,1,0) -> 1 | G23: =IF(SUM($C$23:F23)<=$C$5,1,0) -> 0 | H23: =IF(SUM($C$23:G23)<=$C$5,1,0) -> 0 | I23: =IF(SUM($C$23:H23)<=$C$5,1,0) -> 0 | J23: =IF(SUM($C$23:I23)<=$C$5,1,0) -> 0 | K23: =IF(SUM($C$23:J23)<=$C$5,1,0) -> 0 | ... CE23: =IF(SUM($C$23:CD23)<=$C$5,1,0) -> 0 | CF23: =SUMPRODUCT(C23:CE23,$C$11:$CE$11) -> 1 | CG23: <= | CH23: =1 -> 1
C24: =IF(B24<>"",IF(AND(SUM(B24:$C24)<=$C$5,B23=1),1,0),0) -> 0 | D24: =IF(C24<>"",IF(AND(SUM(C24:$C24)<=$C$5,C23=1),1,0),0) -> 1 | E24: =IF(D24<>"",IF(AND(SUM($C24:D24)<=$C$5,D23=1),1,0),0) -> 1 | F24: =IF(E24<>"",IF(AND(SUM($C24:E24)<=$C$5,E23=1),1,0),0) -> 1 | G24: =IF(F24<>"",IF(AND(SUM($C24:F24)<=$C$5,F23=1),1,0),0) -> 1 | H24: =IF(G24<>"",IF(AND(SUM($C24:G24)<=$C$5,G23=1),1,0),0) -> 0 | I24: =IF(H24<>"",IF(AND(SUM($C24:H24)<=$C$5,H23=1),1,0),0) -> 0 | J24: =IF(I24<>"",IF(AND(SUM($C24:I24)<=$C$5,I23=1),1,0),0) -> 0 | K24: =IF(J24<>"",IF(AND(SUM($C24:J24)<=$C$5,J23=1),1,0),0) -> 0 | L24: =IF(K24<>"",IF(AND(SUM($C24:K24)<=$C$5,K23=1),1,0),0) -> 0 | ... CE24: =IF(CD24<>"",IF(AND(SUM($C24:CD24)<=$C$5,CD23=1),1,0),0) -> 0 | CF24: =SUMPRODUCT(C24:CE24,$C$11:$CE$11) -> 1 | CG24: <= | CH24: =1 -> 1
C25: =IF(B25<>"",IF(AND(SUM(B25:$C25)<=$C$5,B24=1),1,0),0) -> 0 | D25: =IF(C25<>"",IF(AND(SUM(C25:$C25)<=$C$5,C24=1),1,0),0) -> 0 | E25: =IF(D25<>"",IF(AND(SUM($C25:D25)<=$C$5,D24=1),1,0),0) -> 1 | F25: =IF(E25<>"",IF(AND(SUM($C25:E25)<=$C$5,E24=1),1,0),0) -> 1 | G25: =IF(F25<>"",IF(AND(SUM($C25:F25)<=$C$5,F24=1),1,0),0) -> 1 | H25: =IF(G25<>"",IF(AND(SUM($C25:G25)<=$C$5,G24=1),1,0),0) -> 1 | I25: =IF(H25<>"",IF(AND(SUM($C25:H25)<=$C$5,H24=1),1,0),0) -> 0 | J25: =IF(I25<>"",IF(AND(SUM($C25:I25)<=$C$5,I24=1),1,0),0) -> 0 | K25: =IF(J25<>"",IF(AND(SUM($C25:J25)<=$C$5,J24=1),1,0),0) -> 0 | L25: =IF(K25<>"",IF(AND(SUM($C25:K25)<=$C$5,K24=1),1,0),0) -> 0 | ... CE25: =IF(CD25<>"",IF(AND(SUM($C25:CD25)<=$C$5,CD24=1),1,0),0) -> 0 | CF25: =SUMPRODUCT(C25:CE25,$C$11:$CE$11) -> 0 | CG25: <= | CH25: =1 -> 1
C26: =IF(B26<>"",IF(AND(SUM(B26:$C26)<=$C$5,B25=1),1,0),0) -> 0 | D26: =IF(C26<>"",IF(AND(SUM(C26:$C26)<=$C$5,C25=1),1,0),0) -> 0 | E26: =IF(D26<>"",IF(AND(SUM($C26:D26)<=$C$5,D25=1),1,0),0) -> 0 | F26: =IF(E26<>"",IF(AND(SUM($C26:E26)<=$C$5,E25=1),1,0),0) -> 1 | G26: =IF(F26<>"",IF(AND(SUM($C26:F26)<=$C$5,F25=1),1,0),0) -> 1 | H26: =IF(G26<>"",IF(AND(SUM($C26:G26)<=$C$5,G25=1),1,0),0) -> 1 | I26: =IF(H26<>"",IF(AND(SUM($C26:H26)<=$C$5,H25=1),1,0),0) -> 1 | J26: =IF(I26<>"",IF(AND(SUM($C26:I26)<=$C$5,I25=1),1,0),0) -> 0 | K26: =IF(J26<>"",IF(AND(SUM($C26:J26)<=$C$5,J25=1),1,0),0) -> 0 | L26: =IF(K26<>"",IF(AND(SUM($C26:K26)<=$C$5,K25=1),1,0),0) -> 0 | ... CE26: =IF(CD26<>"",IF(AND(SUM($C26:CD26)<=$C$5,CD25=1),1,0),0) -> 0 | CF26: =SUMPRODUCT(C26:CE26,$C$11:$CE$11) -> 1 | CG26: <= | CH26: =1 -> 1
C27: =IF(B27<>"",IF(AND(SUM(B27:$C27)<=$C$5,B26=1),1,0),0) -> 0 | D27: =IF(C27<>"",IF(AND(SUM(C27:$C27)<=$C$5,C26=1),1,0),0) -> 0 | E27: =IF(D27<>"",IF(AND(SUM($C27:D27)<=$C$5,D26=1),1,0),0) -> 0 | F27: =IF(E27<>"",IF(AND(SUM($C27:E27)<=$C$5,E26=1),1,0),0) -> 0 | G27: =IF(F27<>"",IF(AND(SUM($C27:F27)<=$C$5,F26=1),1,0),0) -> 1 | H27: =IF(G27<>"",IF(AND(SUM($C27:G27)<=$C$5,G26=1),1,0),0) -> 1 | I27: =IF(H27<>"",IF(AND(SUM($C27:H27)<=$C$5,H26=1),1,0),0) -> 1 | J27: =IF(I27<>"",IF(AND(SUM($C27:I27)<=$C$5,I26=1),1,0),0) -> 1 | K27: =IF(J27<>"",IF(AND(SUM($C27:J27)<=$C$5,J26=1),1,0),0) -> 0 | L27: =IF(K27<>"",IF(AND(SUM($C27:K27)<=$C$5,K26=1),1,0),0) -> 0 | ... CE27: =IF(CD27<>"",IF(AND(SUM($C27:CD27)<=$C$5,CD26=1),1,0),0) -> 0 | CF27: =SUMPRODUCT(C27:CE27,$C$11:$CE$11) -> 1 | CG27: <= | CH27: =1 -> 1
C28: =IF(B28<>"",IF(AND(SUM(B28:$C28)<=$C$5,B27=1),1,0),0) -> 0 | D28: =IF(C28<>"",IF(AND(SUM(C28:$C28)<=$C$5,C27=1),1,0),0) -> 0 | E28: =IF(D28<>"",IF(AND(SUM($C28:D28)<=$C$5,D27=1),1,0),0) -> 0 | F28: =IF(E28<>"",IF(AND(SUM($C28:E28)<=$C$5,E27=1),1,0),0) -> 0 | G28: =IF(F28<>"",IF(AND(SUM($C28:F28)<=$C$5,F27=1),1,0),0) -> 0 | H28: =IF(G28<>"",IF(AND(SUM($C28:G28)<=$C$5,G27=1),1,0),0) -> 1 | I28: =IF(H28<>"",IF(AND(SUM($C28:H28)<=$C$5,H27=1),1,0),0) -> 1 | J28: =IF(I28<>"",IF(AND(SUM($C28:I28)<=$C$5,I27=1),1,0),0) -> 1 | K28: =IF(J28<>"",IF(AND(SUM($C28:J28)<=$C$5,J27=1),1,0),0) -> 1 | L28: =IF(K28<>"",IF(AND(SUM($C28:K28)<=$C$5,K27=1),1,0),0) -> 0 | ... CE28: =IF(CD28<>"",IF(AND(SUM($C28:CD28)<=$C$5,CD27=1),1,0),0) -> 0 | CF28: =SUMPRODUCT(C28:CE28,$C$11:$CE$11) -> 1 | CG28: <= | CH28: =1 -> 1
C29: =IF(B29<>"",IF(AND(SUM(B29:$C29)<=$C$5,B28=1),1,0),0) -> 0 | D29: =IF(C29<>"",IF(AND(SUM(C29:$C29)<=$C$5,C28=1),1,0),0) -> 0 | E29: =IF(D29<>"",IF(AND(SUM($C29:D29)<=$C$5,D28=1),1,0),0) -> 0 | F29: =IF(E29<>"",IF(AND(SUM($C29:E29)<=$C$5,E28=1),1,0),0) -> 0 | G29: =IF(F29<>"",IF(AND(SUM($C29:F29)<=$C$5,F28=1),1,0),0) -> 0 | H29: =IF(G29<>"",IF(AND(SUM($C29:G29)<=$C$5,G28=1),1,0),0) -> 0 | I29: =IF(H29<>"",IF(AND(SUM($C29:H29)<=$C$5,H28=1),1,0),0) -> 1 | J29: =IF(I29<>"",IF(AND(SUM($C29:I29)<=$C$5,I28=1),1,0),0) -> 1 | K29: =IF(J29<>"",IF(AND(SUM($C29:J29)<=$C$5,J28=1),1,0),0) -> 1 | L29: =IF(K29<>"",IF(AND(SUM($C29:K29)<=$C$5,K28=1),1,0),0) -> 1 | ... CE29: =IF(CD29<>"",IF(AND(SUM($C29:CD29)<=$C$5,CD28=1),1,0),0) -> 0 | CF29: =SUMPRODUCT(C29:CE29,$C$11:$CE$11) -> 1 | CG29: <= | CH29: =1 -> 1
C30: =IF(B30<>"",IF(AND(SUM(B30:$C30)<=$C$5,B29=1),1,0),0) -> 0 | D30: =IF(C30<>"",IF(AND(SUM(C30:$C30)<=$C$5,C29=1),1,0),0) -> 0 | E30: =IF(D30<>"",IF(AND(SUM($C30:D30)<=$C$5,D29=1),1,0),0) -> 0 | F30: =IF(E30<>"",IF(AND(SUM($C30:E30)<=$C$5,E29=1),1,0),0) -> 0 | G30: =IF(F30<>"",IF(AND(SUM($C30:F30)<=$C$5,F29=1),1,0),0) -> 0 | H30: =IF(G30<>"",IF(AND(SUM($C30:G30)<=$C$5,G29=1),1,0),0) -> 0 | I30: =IF(H30<>"",IF(AND(SUM($C30:H30)<=$C$5,H29=1),1,0),0) -> 0 | J30: =IF(I30<>"",IF(AND(SUM($C30:I30)<=$C$5,I29=1),1,0),0) -> 1 | K30: =IF(J30<>"",IF(AND(SUM($C30:J30)<=$C$5,J29=1),1,0),0) -> 1 | L30: =IF(K30<>"",IF(AND(SUM($C30:K30)<=$C$5,K29=1),1,0),0) -> 1 | ... CE30: =IF(CD30<>"",IF(AND(SUM($C30:CD30)<=$C$5,CD29=1),1,0),0) -> 0 | CF30: =SUMPRODUCT(C30:CE30,$C$11:$CE$11) -> 0 | CG30: <= | CH30: =1 -> 1
C31: =IF(B31<>"",IF(AND(SUM(B31:$C31)<=$C$5,B30=1),1,0),0) -> 0 | D31: =IF(C31<>"",IF(AND(SUM(C31:$C31)<=$C$5,C30=1),1,0),0) -> 0 | E31: =IF(D31<>"",IF(AND(SUM($C31:D31)<=$C$5,D30=1),1,0),0) -> 0 | F31: =IF(E31<>"",IF(AND(SUM($C31:E31)<=$C$5,E30=1),1,0),0) -> 0 | G31: =IF(F31<>"",IF(AND(SUM($C31:F31)<=$C$5,F30=1),1,0),0) -> 0 | H31: =IF(G31<>"",IF(AND(SUM($C31:G31)<=$C$5,G30=1),1,0),0) -> 0 | I31: =IF(H31<>"",IF(AND(SUM($C31:H31)<=$C$5,H30=1),1,0),0) -> 0 | J31: =IF(I31<>"",IF(AND(SUM($C31:I31)<=$C$5,I30=1),1,0),0) -> 0 | K31: =IF(J31<>"",IF(AND(SUM($C31:J31)<=$C$5,J30=1),1,0),0) -> 1 | L31: =IF(K31<>"",IF(AND(SUM($C31:K31)<=$C$5,K30=1),1,0),0) -> 1 | ... CE31: =IF(CD31<>"",IF(AND(SUM($C31:CD31)<=$C$5,CD30=1),1,0),0) -> 0 | CF31: =SUMPRODUCT(C31:CE31,$C$11:$CE$11) -> 1 | CG31: <= | CH31: =1 -> 1
C32: =IF(B32<>"",IF(AND(SUM(B32:$C32)<=$C$5,B31=1),1,0),0) -> 0 | D32: =IF(C32<>"",IF(AND(SUM(C32:$C32)<=$C$5,C31=1),1,0),0) -> 0 | E32: =IF(D32<>"",IF(AND(SUM($C32:D32)<=$C$5,D31=1),1,0),0) -> 0 | F32: =IF(E32<>"",IF(AND(SUM($C32:E32)<=$C$5,E31=1),1,0),0) -> 0 | G32: =IF(F32<>"",IF(AND(SUM($C32:F32)<=$C$5,F31=1),1,0),0) -> 0 | H32: =IF(G32<>"",IF(AND(SUM($C32:G32)<=$C$5,G31=1),1,0),0) -> 0 | I32: =IF(H32<>"",IF(AND(SUM($C32:H32)<=$C$5,H31=1),1,0),0) -> 0 | J32: =IF(I32<>"",IF(AND(SUM($C32:I32)<=$C$5,I31=1),1,0),0) -> 0 | K32: =IF(J32<>"",IF(AND(SUM($C32:J32)<=$C$5,J31=1),1,0),0) -> 0 | L32: =IF(K32<>"",IF(AND(SUM($C32:K32)<=$C$5,K31=1),1,0),0) -> 1 | ... CE32: =IF(CD32<>"",IF(AND(SUM($C32:CD32)<=$C$5,CD31=1),1,0),0) -> 0 | CF32: =SUMPRODUCT(C32:CE32,$C$11:$CE$11) -> 1 | CG32: <= | CH32: =1 -> 1
C33: =IF(B33<>"",IF(AND(SUM(B33:$C33)<=$C$5,B32=1),1,0),0) -> 0 | D33: =IF(C33<>"",IF(AND(SUM(C33:$C33)<=$C$5,C32=1),1,0),0) -> 0 | E33: =IF(D33<>"",IF(AND(SUM($C33:D33)<=$C$5,D32=1),1,0),0) -> 0 | F33: =IF(E33<>"",IF(AND(SUM($C33:E33)<=$C$5,E32=1),1,0),0) -> 0 | G33: =IF(F33<>"",IF(AND(SUM($C33:F33)<=$C$5,F32=1),1,0),0) -> 0 | H33: =IF(G33<>"",IF(AND(SUM($C33:G33)<=$C$5,G32=1),1,0),0) -> 0 | I33: =IF(H33<>"",IF(AND(SUM($C33:H33)<=$C$5,H32=1),1,0),0) -> 0 | J33: =IF(I33<>"",IF(AND(SUM($C33:I33)<=$C$5,I32=1),1,0),0) -> 0 | K33: =IF(J33<>"",IF(AND(SUM($C33:J33)<=$C$5,J32=1),1,0),0) -> 0 | L33: =IF(K33<>"",IF(AND(SUM($C33:K33)<=$C$5,K32=1),1,0),0) -> 0 | ... CE33: =IF(CD33<>"",IF(AND(SUM($C33:CD33)<=$C$5,CD32=1),1,0),0) -> 0 | CF33: =SUMPRODUCT(C33:CE33,$C$11:$CE$11) -> 1 | CG33: <= | CH33: =1 -> 1
C34: =IF(B34<>"",IF(AND(SUM(B34:$C34)<=$C$5,B33=1),1,0),0) -> 0 | D34: =IF(C34<>"",IF(AND(SUM(C34:$C34)<=$C$5,C33=1),1,0),0) -> 0 | E34: =IF(D34<>"",IF(AND(SUM($C34:D34)<=$C$5,D33=1),1,0),0) -> 0 | F34: =IF(E34<>"",IF(AND(SUM($C34:E34)<=$C$5,E33=1),1,0),0) -> 0 | G34: =IF(F34<>"",IF(AND(SUM($C34:F34)<=$C$5,F33=1),1,0),0) -> 0 | H34: =IF(G34<>"",IF(AND(SUM($C34:G34)<=$C$5,G33=1),1,0),0) -> 0 | I34: =IF(H34<>"",IF(AND(SUM($C34:H34)<=$C$5,H33=1),1,0),0) -> 0 | J34: =IF(I34<>"",IF(AND(SUM($C34:I34)<=$C$5,I33=1),1,0),0) -> 0 | K34: =IF(J34<>"",IF(AND(SUM($C34:J34)<=$C$5,J33=1),1,0),0) -> 0 | L34: =IF(K34<>"",IF(AND(SUM($C34:K34)<=$C$5,K33=1),1,0),0) -> 0 | ... CE34: =IF(CD34<>"",IF(AND(SUM($C34:CD34)<=$C$5,CD33=1),1,0),0) -> 0 | CF34: =SUMPRODUCT(C34:CE34,$C$11:$CE$11) -> 1 | CG34: <= | CH34: =1 -> 1
C35: =IF(B35<>"",IF(AND(SUM(B35:$C35)<=$C$5,B34=1),1,0),0) -> 0 | D35: =IF(C35<>"",IF(AND(SUM(C35:$C35)<=$C$5,C34=1),1,0),0) -> 0 | E35: =IF(D35<>"",IF(AND(SUM($C35:D35)<=$C$5,D34=1),1,0),0) -> 0 | F35: =IF(E35<>"",IF(AND(SUM($C35:E35)<=$C$5,E34=1),1,0),0) -> 0 | G35: =IF(F35<>"",IF(AND(SUM($C35:F35)<=$C$5,F34=1),1,0),0) -> 0 | H35: =IF(G35<>"",IF(AND(SUM($C35:G35)<=$C$5,G34=1),1,0),0) -> 0 | I35: =IF(H35<>"",IF(AND(SUM($C35:H35)<=$C$5,H34=1),1,0),0) -> 0 | J35: =IF(I35<>"",IF(AND(SUM($C35:I35)<=$C$5,I34=1),1,0),0) -> 0 | K35: =IF(J35<>"",IF(AND(SUM($C35:J35)<=$C$5,J34=1),1,0),0) -> 0 | L35: =IF(K35<>"",IF(AND(SUM($C35:K35)<=$C$5,K34=1),1,0),0) -> 0 | ... CE35: =IF(CD35<>"",IF(AND(SUM($C35:CD35)<=$C$5,CD34=1),1,0),0) -> 0 | CF35: =SUMPRODUCT(C35:CE35,$C$11:$CE$11) -> 0 | CG35: <= | CH35: =1 -> 1
... C103: =IF(B103<>"",IF(AND(SUM(B103:$C103)<=$C$5,B102=1),1,0),0) -> 0 | D103: =IF(C103<>"",IF(AND(SUM(C103:$C103)<=$C$5,C102=1),1,0),0) -> 0 | E103: =IF(D103<>"",IF(AND(SUM($C103:D103)<=$C$5,D102=1),1,0),0) -> 0 | F103: =IF(E103<>"",IF(AND(SUM($C103:E103)<=$C$5,E102=1),1,0),0) -> 0 | G103: =IF(F103<>"",IF(AND(SUM($C103:F103)<=$C$5,F102=1),1,0),0) -> 0 | H103: =IF(G103<>"",IF(AND(SUM($C103:G103)<=$C$5,G102=1),1,0),0) -> 0 | I103: =IF(H103<>"",IF(AND(SUM($C103:H103)<=$C$5,H102=1),1,0),0) -> 0 | J103: =IF(I103<>"",IF(AND(SUM($C103:I103)<=$C$5,I102=1),1,0),0) -> 0 | K103: =IF(J103<>"",IF(AND(SUM($C103:J103)<=$C$5,J102=1),1,0),0) -> 0 | L103: =IF(K103<>"",IF(AND(SUM($C103:K103)<=$C$5,K102=1),1,0),0) -> 0 | ... CE103: =IF(CD103<>"",IF(AND(SUM($C103:CD103)<=$C$5,CD102=1),1,0),0) -> 1 | CF103: =SUMPRODUCT(C103:CE103,$C$11:$CE$11) -> 1 | CG103: <= | CH103: =1 -> 1

Sheet Input
B2: Paste output data 1 here: | C2: WEEK | D2: cluster | E2: expected_profit | F2: expected_sales_qty | G2: b_tilde_t | H2: default_sales_qty | K2: Paste output data 2 here: | L2: cluster_nr | M2: cluster_price
C3: 220 | D3: 5 | E3: 142.39286 | F3: 399.37528 | G3: 29.797771 | H3: 220.81422 | L3: 1 | M3: 0.51
C4: 221 | D4: 5 | E4: 152.86023 | F4: 428.73356 | G4: 31.988221 | H4: 237.04638 | L4: 2 | M4: 0.79
C5: 222 | D5: 5 | E5: 127.11477 | F5: 356.52417 | G5: 26.600609 | H5: 197.12188 | L5: 3 | M5: 0.89
C6: 223 | D6: 5 | E6: 107.03774 | F6: 300.21328 | G6: 22.399199 | H6: 165.98764 | L6: 4 | M6: 0.99
C7: 224 | D7: 5 | E7: 118.09311 | F7: 331.22074 | G7: 24.712696 | H7: 183.13164 | L7: 5 | M7: 1.09
C8: 225 | D8: 5 | E8: 122.59347 | F8: 343.84308 | G8: 25.654461 | H8: 190.11052 | L8: 6 | M8: 1.21
C9: 226 | D9: 5 | E9: 138.32421 | F9: 387.96376 | G9: 28.946347 | H9: 214.5048 | L9: 7 | M9: 1.33
C10: 227 | D10: 5 | E10: 98.54746 | F10: 276.40023 | G10: 20.622485 | H10: 152.82143
C11: 228 | D11: 5 | E11: 101.64069 | F11: 285.07595 | G11: 21.269789 | H11: 157.61822
C12: 229 | D12: 5 | E12: 112.95204 | F12: 316.80136 | G12: 23.636852 | H12: 175.15918
C13: 230 | D13: 5 | E13: 118.89713 | F13: 333.47581 | G13: 24.880949 | H13: 184.37846
C14: 231 | D14: 5 | E14: 137.53912 | F14: 385.76178 | G14: 28.782055 | H14: 213.28733
C15: 232 | D15: 5 | E15: 129.55461 | F15: 363.36729 | G15: 27.111181 | H15: 200.90543
C16: 233 | D16: 5 | E16: 137.48016 | F16: 385.59641 | G16: 28.769717 | H16: 213.1959
C17: 234 | D17: 5 | E17: 113.38679 | F17: 318.02073 | G17: 23.72783 | H17: 175.83336
C18: 235 | D18: 5 | E18: 128.42162 | F18: 360.18953 | G18: 26.874085 | H18: 199.14846
C19: 236 | D19: 5 | E19: 128.93854 | F19: 361.63938 | G19: 26.98226 | H19: 199.95008
C20: 237 | D20: 5 | E20: 143.59527 | F20: 402.74772 | G20: 30.049393 | H20: 222.67884
C21: 238 | D21: 5 | E21: 134.61653 | F21: 377.56468 | G21: 28.170461 | H21: 208.75516
... C83: 300 | D83: 5 | E83: 137.08593 | F83: 384.49069 | G83: 28.687218 | H83: 212.58455

Sheet Output
A1: WEEK | B1: Price | C1: Predicted_sales | D1: Predicted_profit
A2: {=Input!C3:C83} -> 220 | B2: {=TRANSPOSE(Model!C13:CE13)} -> 1.33 | C2: {=TRANSPOSE(Model!C11:CE11)*Input!F3:F83+TRANSPOSE(1-Model!C11:CE11)*Input!H3:H83} -> 220.81422 | D2: {=TRANSPOSE(_xlfn.ANCHORARRAY(Model!C15)+Model!C11:CE11*_xlfn.ANCHORARRAY(Model!C14))} -> 112.59509
A3: 221 | B3: 1.09 | C3: 428.73356 | D3: 152.86023
A4: 222 | B4: 1.33 | C4: 197.12188 | D4: 100.51416
A5: 223 | B5: 1.33 | C5: 165.98764 | D5: 84.638542
A6: 224 | B6: 1.33 | C6: 183.13164 | D6: 93.380414
A7: 225 | B7: 1.33 | C7: 190.11052 | D7: 96.939007
A8: 226 | B8: 1.09 | C8: 387.96376 | D8: 138.32421
A9: 227 | B9: 1.33 | C9: 152.82143 | D9: 77.924975
A10: 228 | B10: 1.33 | C10: 157.61822 | D10: 80.370904
A11: 229 | B11: 1.33 | C11: 175.15918 | D11: 89.315188
A12: 230 | B12: 1.33 | C12: 184.37846 | D12: 94.016183
A13: 231 | B13: 1.09 | C13: 385.76178 | D13: 137.53912
A14: 232 | B14: 1.33 | C14: 200.90543 | D14: 102.44343
... A82: 300 | B82: 1.09 | C82: 384.49069 | D82: 137.08593
